,MAE,R2
Linear Regression,125.2160793486887,-0.0006107072374490485
Decision Tree,126.8092017520619,-0.040708271839676735
